Make,Model,Year,Mileage,EngineSize,FuelType,Price
Toyota,Highlander,2018,107588,3.6,Petrol,21962
Mercedes,E-Class,2022,172556,3.4,Hybrid,26637
Nissan,Sentra,2014,130767,3.2,Petrol,19846
Audi,Q5,2010,84337,1.2,Petrol,26078
Audi,A3,2013,21967,2.5,Diesel,22890
Ford,Escape,2022,93353,3.9,Hybrid,24533
Kia,Forte,2011,173453,1.1,Electric,27132
Ford,Focus,2017,50724,1.0,Petrol,34246
Ford,Fusion,2023,167480,3.9,Diesel,25162
Kia,Optima,2017,17330,3.5,Diesel,21913
Hyundai,Tucson,2014,124236,1.0,Electric,30878
Nissan,Rogue,2021,124098,1.5,Electric,35379
BMW,3 Series,2018,76685,2.2,Diesel,29116
Audi,Q7,2011,142237,2.8,Electric,18788
Toyota,Highlander,2015,21232,2.8,Petrol,23393
Mercedes,C-Class,2012,43854,2.0,Hybrid,24280
Honda,CR-V,2023,50308,4.4,Hybrid,23248
Hyundai,Sonata,2022,100152,3.4,Diesel,26999
Hyundai,Santa Fe,2014,102961,3.7,Electric,17485
Nissan,Murano,2011,119611,3.4,Electric,15901
Toyota,Camry,2021,160214,4.5,Petrol,20198
Kia,Optima,2012,66725,3.7,Hybrid,15666
Toyota,Corolla,2014,83416,3.1,Diesel,20582
Chevrolet,Malibu,2024,87268,2.8,Petrol,32063
Ford,Fusion,2015,28594,3.7,Diesel,18857
Ford,Fusion,2012,71028,2.4,Hybrid,22144
Hyundai,Elantra,2020,21983,3.0,Electric,27390
Honda,CR-V,2010,180054,3.6,Electric,13599
Ford,Fusion,2012,186438,3.5,Petrol,16067
Toyota,Highlander,2010,198795,3.9,Petrol,12006
Mercedes,GLC,2017,91543,2.3,Hybrid,27542
Kia,Optima,2012,179896,2.2,Petrol,22600
Hyundai,Elantra,2021,168999,1.8,Electric,33655
Kia,Sorento,2021,41128,1.1,Hybrid,37794
BMW,3 Series,2017,142239,3.4,Electric,21788
Mercedes,GLC,2018,40171,4.0,Electric,20299
Nissan,Altima,2019,64407,3.5,Electric,23677
Toyota,Rav4,2010,67616,3.3,Diesel,15661
BMW,3 Series,2019,70224,1.7,Diesel,32648
Kia,Optima,2020,131279,1.5,Petrol,34343
BMW,X5,2020,56442,2.0,Hybrid,32217
Ford,Escape,2023,125352,2.3,Diesel,33373
Mercedes,GLC,2013,85983,1.3,Diesel,28570
Audi,Q5,2022,140420,3.4,Hybrid,26797
BMW,3 Series,2010,37791,1.6,Petrol,24311
Kia,Forte,2023,178666,4.4,Diesel,22606
Mercedes,C-Class,2023,29637,4.3,Petrol,23851
Kia,Forte,2019,93428,3.1,Electric,25532
Chevrolet,Malibu,2020,118040,3.1,Hybrid,26409
Kia,Forte,2017,197207,3.7,Petrol,20013
Mercedes,GLE,2015,137724,1.8,Hybrid,27811
Chevrolet,Malibu,2019,124893,3.7,Electric,22375
Audi,Q7,2010,66084,2.5,Electric,19669
Kia,Optima,2014,117251,2.7,Hybrid,22413
Hyundai,Tucson,2021,47210,3.2,Hybrid,27263
Honda,Accord,2021,15740,4.1,Petrol,22921
Hyundai,Tucson,2022,40361,2.9,Electric,29798
Nissan,Altima,2022,112722,2.9,Electric,29436
Honda,Accord,2013,72825,3.2,Diesel,19135
Honda,Accord,2022,137434,2.6,Electric,30812
Toyota,Rav4,2022,192473,1.1,Diesel,38037
Honda,CR-V,2022,124824,1.2,Hybrid,37875
Toyota,Highlander,2018,71207,2.9,Electric,25643
Nissan,Sentra,2019,101632,3.1,Petrol,25491
BMW,X5,2020,193403,4.0,Petrol,21532
Kia,Sportage,2018,25693,1.8,Electric,31371
Toyota,Camry,2018,124521,2.8,Diesel,25877
Toyota,Corolla,2024,171417,4.3,Electric,24142
Hyundai,Tucson,2011,58849,2.9,Hybrid,18705
Kia,Sportage,2024,8195,3.2,Diesel,30459
Toyota,Corolla,2020,44352,1.8,Electric,33278
BMW,X5,2015,120167,3.1,Petrol,21399
Audi,Q7,2010,197286,1.2,Electric,25513
Kia,Forte,2017,101746,2.8,Diesel,24991
BMW,3 Series,2019,52864,4.5,Diesel,18735
BMW,X5,2015,57270,2.2,Hybrid,26213
Mercedes,GLC,2014,28671,3.9,Diesel,16856
BMW,3 Series,2012,25434,3.9,Diesel,14872
Hyundai,Sonata,2018,65756,4.3,Diesel,18671
Honda,CR-V,2013,91507,2.2,Diesel,24042
Hyundai,Tucson,2020,67522,3.8,Petrol,23162
BMW,X3,2024,27464,2.3,Electric,34862
Nissan,Murano,2024,181776,3.3,Electric,29091
Nissan,Murano,2015,95352,1.9,Electric,27523
Hyundai,Elantra,2015,159055,2.9,Electric,22204
Honda,CR-V,2015,19454,2.6,Electric,24402
Chevrolet,Malibu,2010,138962,3.5,Petrol,14305
Toyota,Corolla,2017,104727,1.2,Petrol,32976
Mercedes,GLE,2011,176080,3.3,Petrol,16119
Toyota,Camry,2023,187287,3.9,Hybrid,25063
Honda,Pilot,2015,104990,2.6,Electric,23975
Ford,Escape,2021,181707,3.9,Diesel,23091
Toyota,Camry,2022,142490,3.9,Electric,24287
Toyota,Camry,2014,49013,3.6,Hybrid,18254
Honda,CR-V,2015,24590,2.3,Diesel,25877
Audi,A3,2023,156413,1.6,Diesel,36717
Toyota,Rav4,2016,191406,2.7,Electric,24042
Nissan,Murano,2021,158047,1.3,Diesel,36209
BMW,X3,2020,107339,1.6,Petrol,33963
Mercedes,GLC,2010,120220,1.8,Petrol,22898
Chevrolet,Equinox,2017,149908,1.0,Petrol,33750
Ford,Escape,2024,100085,1.5,Electric,38499
Kia,Forte,2015,95907,2.2,Petrol,26020
Mercedes,GLC,2016,178591,1.2,Diesel,31607
Nissan,Sentra,2023,52535,2.2,Electric,34237
Kia,Sportage,2024,80041,2.6,Hybrid,33099
Honda,Pilot,2022,93173,4.2,Petrol,23034
Honda,CR-V,2022,58305,3.1,Diesel,28708
BMW,5 Series,2021,145231,2.8,Diesel,28773
Ford,Focus,2010,38726,1.3,Petrol,25806
Mercedes,C-Class,2017,167801,1.8,Diesel,29660
Nissan,Altima,2020,141644,1.3,Electric,35291
Honda,CR-V,2021,83844,4.0,Diesel,23080
Hyundai,Santa Fe,2018,154224,3.9,Electric,20228
Honda,Pilot,2024,99480,4.4,Diesel,24002
BMW,3 Series,2024,132394,3.5,Hybrid,28338
BMW,X3,2020,140045,1.5,Hybrid,34299
Kia,Sportage,2017,173206,3.5,Petrol,21133
Kia,Optima,2015,126638,2.9,Electric,22366
Chevrolet,Equinox,2017,191054,2.1,Petrol,28044
Ford,Focus,2015,80926,3.2,Diesel,21095
Chevrolet,Impala,2011,127395,2.0,Electric,22863
Mercedes,C-Class,2011,60526,3.6,Petrol,15197
Ford,Explorer,2013,21644,1.5,Electric,27891
BMW,X5,2015,111691,2.9,Electric,22441
Kia,Sorento,2024,11234,1.7,Electric,37943
Audi,Q7,2022,122718,2.3,Hybrid,32386
BMW,3 Series,2013,76913,3.6,Electric,17115
Toyota,Corolla,2023,147747,4.0,Diesel,24761
Mercedes,GLC,2015,83922,2.0,Hybrid,27080
Honda,Pilot,2016,182199,3.2,Electric,21589
Toyota,Highlander,2021,147441,3.9,Electric,23262
Ford,Focus,2019,84931,1.3,Hybrid,34575
Honda,Accord,2020,83254,2.2,Hybrid,31083
Mercedes,C-Class,2017,186753,4.2,Diesel,17566
Chevrolet,Tahoe,2012,155055,3.9,Diesel,14224
Kia,Sorento,2019,149313,3.2,Diesel,24753
Honda,Pilot,2010,179247,1.3,Hybrid,25103
Mercedes,GLE,2014,82816,4.2,Petrol,15085
Audi,A3,2013,37254,1.1,Electric,29813
Mercedes,GLE,2012,28932,1.1,Petrol,28855
Chevrolet,Impala,2021,80954,2.3,Hybrid,31595
BMW,3 Series,2020,161639,1.7,Petrol,33191
BMW,5 Series,2016,163277,1.7,Diesel,29183
Mercedes,GLC,2016,110613,3.1,Diesel,22446
Nissan,Altima,2013,12135,2.6,Electric,22439
Kia,Sportage,2016,53571,1.4,Diesel,31232
Audi,A3,2013,31752,1.8,Diesel,26341
Mercedes,E-Class,2014,124399,1.4,Diesel,28878
Kia,Sportage,2012,107219,1.1,Hybrid,28463
Mercedes,E-Class,2024,31740,2.8,Diesel,32341
Audi,A4,2015,33937,3.1,Petrol,21830
Nissan,Sentra,2012,90840,1.1,Diesel,28545
Mercedes,GLC,2018,76302,2.1,Hybrid,29618
Hyundai,Sonata,2018,110197,4.3,Hybrid,18449
Audi,Q5,2020,36346,4.0,Electric,22318
Chevrolet,Tahoe,2015,43570,1.2,Hybrid,31282
Toyota,Camry,2024,169393,4.4,Hybrid,23653
Audi,A4,2024,106505,2.0,Diesel,35967
Honda,Accord,2011,42135,1.8,Hybrid,24289
Toyota,Camry,2014,184441,2.9,Petrol,21077
Mercedes,E-Class,2011,195079,2.7,Hybrid,19024
Nissan,Altima,2015,161516,2.1,Diesel,26192
Honda,Pilot,2010,139474,3.6,Petrol,13802
Kia,Forte,2018,113512,2.5,Electric,27432
Chevrolet,Equinox,2015,79219,2.9,Hybrid,22603
Chevrolet,Equinox,2018,12835,3.7,Electric,21935
Nissan,Rogue,2016,175488,1.6,Hybrid,29622
Toyota,Rav4,2019,99627,1.4,Diesel,34001
Honda,Accord,2024,95499,1.5,Electric,38522
Kia,Forte,2015,64868,1.8,Petrol,28175
Honda,Civic,2011,60118,3.6,Electric,15199
Nissan,Rogue,2018,144014,2.9,Electric,25279
Ford,Escape,2012,109142,3.5,Hybrid,16454
Honda,Civic,2020,137655,3.2,Diesel,25811
Mercedes,E-Class,2011,47957,4.0,Petrol,13260
Mercedes,E-Class,2014,30119,2.6,Electric,23349
Ford,Explorer,2014,178659,3.7,Diesel,17106
Audi,A3,2013,108021,2.6,Petrol,21959
Honda,Civic,2018,58717,4.4,Electric,18206
Kia,Sorento,2017,142250,2.2,Petrol,27788
Honda,Civic,2013,113492,2.1,Electric,24432
Chevrolet,Impala,2010,159586,1.3,Electric,25202
Mercedes,C-Class,2011,147337,1.3,Hybrid,26263
Toyota,Camry,2017,166348,1.8,Petrol,29668
Kia,Sportage,2012,161702,3.7,Electric,15191
BMW,X5,2020,89824,2.5,Diesel,29550
Ford,Escape,2010,5752,2.9,Petrol,17971
Honda,Pilot,2013,34709,2.3,Electric,23826
Nissan,Murano,2014,108313,3.4,Petrol,18958
Audi,A4,2015,92465,2.5,Hybrid,24537
Ford,Escape,2017,28497,1.9,Hybrid,29857
Nissan,Rogue,2013,110728,1.3,Electric,28446
Hyundai,Tucson,2024,138262,2.6,Electric,32808
Kia,Sorento,2023,89104,1.3,Hybrid,38554
Kia,Sportage,2021,152794,3.2,Hybrid,26736
Nissan,Sentra,2016,67735,4.2,Hybrid,17161
BMW,3 Series,2012,153912,2.0,Hybrid,23730
Chevrolet,Malibu,2021,59226,4.3,Diesel,21703
Hyundai,Elantra,2021,174851,2.4,Diesel,30625
Audi,A3,2023,38253,3.9,Electric,25808
Honda,Accord,2015,176939,1.5,Diesel,29115
BMW,3 Series,2014,52352,3.5,Petrol,18738
Nissan,Altima,2018,94370,1.6,Diesel,32028
Nissan,Sentra,2020,177202,1.3,Diesel,35113
Hyundai,Elantra,2017,44458,4.1,Electric,18777
Nissan,Rogue,2022,46580,1.4,Diesel,37267
Mercedes,C-Class,2013,194041,3.6,Diesel,16529
Chevrolet,Malibu,2010,72486,1.7,Diesel,23637
Nissan,Murano,2017,175393,4.3,Diesel,17123
Audi,A3,2021,167122,4.1,Diesel,22164
Chevrolet,Equinox,2016,96844,1.6,Diesel,30015
Audi,Q7,2015,170768,3.6,Diesel,18646
Toyota,Corolla,2022,11132,2.1,Petrol,33944
Audi,Q5,2012,69836,2.1,Hybrid,23650
Toyota,Camry,2018,185842,1.8,Petrol,30570
Audi,A4,2019,25841,2.7,Electric,27870
Mercedes,E-Class,2013,13177,3.2,Diesel,19434
Mercedes,GLC,2022,119069,3.3,Petrol,27404
Hyundai,Santa Fe,2022,24049,1.5,Petrol,36879
Chevrolet,Impala,2015,170115,2.3,Petrol,25149
Mercedes,E-Class,2015,12459,3.8,Diesel,18437
Toyota,Corolla,2011,94924,2.4,Diesel,21025
Chevrolet,Equinox,2021,81833,2.0,Diesel,33090
Ford,Focus,2017,164399,3.1,Petrol,23178
Chevrolet,Malibu,2018,89488,2.2,Petrol,29052
Nissan,Sentra,2023,151730,4.0,Diesel,24741
Audi,Q7,2021,90690,1.7,Diesel,34546
Chevrolet,Equinox,2015,34381,1.1,Electric,31828
Audi,Q5,2024,191609,3.7,Hybrid,27041
Ford,Fusion,2016,195714,4.1,Petrol,17021
Mercedes,GLC,2022,56319,2.2,Hybrid,33218
Chevrolet,Tahoe,2011,124595,4.2,Petrol,11877
Nissan,Sentra,2024,91552,4.5,Electric,23542
Mercedes,GLC,2015,153978,3.5,Hybrid,19230
Mercedes,GLC,2010,113703,4.2,Diesel,10931
Ford,Fusion,2023,11871,1.9,Electric,35940
Mercedes,GLE,2010,142661,3.5,Diesel,14286
BMW,X5,2017,197625,1.1,Petrol,33011
Chevrolet,Malibu,2022,91718,1.7,Electric,35541
Kia,Sorento,2010,174463,2.6,Electric,18627
Toyota,Rav4,2018,162384,1.9,Petrol,30188
Chevrolet,Tahoe,2020,185807,2.6,Hybrid,28570
BMW,X5,2022,48233,3.8,Petrol,25258
Ford,Escape,2012,37662,4.3,Electric,12811
Audi,A4,2011,63450,4.5,Hybrid,10682
Nissan,Altima,2018,197840,1.8,Hybrid,30510
Chevrolet,Impala,2014,125949,1.5,Petrol,28370
Chevrolet,Equinox,2010,94577,1.5,Hybrid,24527
Kia,Sportage,2021,74348,2.1,Diesel,32628
Chevrolet,Malibu,2021,101677,3.3,Electric,26491
Honda,Accord,2010,137235,3.0,Electric,16813
Mercedes,E-Class,2018,145879,1.3,Diesel,33270
Nissan,Rogue,2015,184901,3.4,Diesel,19575
Honda,Accord,2021,84286,3.0,Electric,28078
Mercedes,C-Class,2013,138869,3.8,Electric,15805
Audi,A4,2012,117529,3.0,Hybrid,18912
Mercedes,GLE,2018,58741,3.8,Diesel,21206
BMW,X3,2022,153450,4.2,Hybrid,22732
BMW,X3,2010,148262,4.3,Petrol,10258
Audi,A3,2018,79249,3.1,Petrol,24603
Nissan,Sentra,2015,118306,2.6,Electric,23908
Mercedes,GLE,2011,15575,1.8,Electric,24422
Hyundai,Sonata,2010,48811,2.6,Electric,19255
Audi,A3,2016,163695,4.1,Petrol,17181
Mercedes,GLC,2021,79930,2.7,Electric,29600
Chevrolet,Equinox,2010,173779,2.8,Diesel,17631
Mercedes,E-Class,2019,155457,2.8,Hybrid,26722
Nissan,Sentra,2013,43473,1.0,Petrol,30282
BMW,X3,2018,171133,1.3,Hybrid,33144
Nissan,Altima,2015,51311,3.5,Petrol,19743
Kia,Optima,2021,172932,1.3,Diesel,36135
Nissan,Murano,2018,174797,1.3,Electric,33126
BMW,3 Series,2019,119122,4.1,Electric,20404
Audi,Q7,2013,92349,2.1,Hybrid,24538
Honda,Pilot,2010,145765,1.1,Hybrid,26271
BMW,5 Series,2022,135855,2.7,Petrol,30320
Honda,CR-V,2010,117402,4.1,Hybrid,11412
Nissan,Murano,2010,61757,1.5,Hybrid,24691
Toyota,Highlander,2011,130723,4.3,Diesel,11346
Toyota,Corolla,2019,80395,3.9,Petrol,21598
Hyundai,Elantra,2021,39417,4.2,Petrol,22302
Honda,Pilot,2016,122809,2.9,Electric,23385
Nissan,Altima,2024,60037,1.7,Hybrid,37699
Kia,Optima,2017,172216,3.4,Electric,21638
Ford,Explorer,2022,198199,2.1,Electric,33009
Honda,Civic,2014,58276,2.3,Diesel,24708
Mercedes,GLC,2018,53861,4.4,Electric,18230
Kia,Optima,2017,49643,2.1,Petrol,28751
Chevrolet,Impala,2013,128978,2.2,Diesel,23855
Hyundai,Tucson,2023,128248,3.1,Diesel,29358
Mercedes,GLE,2024,94861,1.0,Petrol,41025
Audi,A4,2011,156613,4.0,Petrol,12716
Nissan,Altima,2015,45284,2.4,Hybrid,25273
Chevrolet,Tahoe,2023,146476,3.5,Petrol,27267
Audi,A3,2012,86790,3.9,Electric,14566
Kia,Sorento,2012,152838,3.2,Electric,17735
Hyundai,Sonata,2017,10746,2.9,Diesel,24946
Ford,Escape,2014,133558,3.9,Diesel,16332
BMW,5 Series,2023,137435,1.8,Petrol,35812
Audi,Q5,2010,103058,3.9,Electric,12484
Audi,Q5,2010,41827,2.2,Diesel,21290
Toyota,Rav4,2012,27331,4.1,Hybrid,13863
BMW,X3,2011,131526,3.3,Hybrid,16342
Chevrolet,Tahoe,2020,190399,2.2,Electric,30548
Mercedes,E-Class,2020,71063,3.1,Electric,26644
Honda,Civic,2014,142464,2.1,Hybrid,25287
Hyundai,Elantra,2012,45448,3.9,Electric,14772
Mercedes,C-Class,2011,144865,3.5,Petrol,15275
Ford,Escape,2016,152593,1.8,Hybrid,28737
Ford,Focus,2018,93198,1.1,Hybrid,34534
Chevrolet,Malibu,2018,148592,4.4,Hybrid,17757
Nissan,Murano,2016,95416,3.2,Electric,22022
Ford,Escape,2024,180383,2.8,Diesel,31598
BMW,3 Series,2013,83773,1.2,Petrol,29081
Ford,Explorer,2024,47796,3.0,Diesel,31261
Chevrolet,Malibu,2017,99209,2.0,Hybrid,29003
Honda,CR-V,2023,181038,4.3,Electric,23094
Audi,Q5,2024,148067,2.5,Diesel,33259
Audi,A3,2012,110381,2.0,Hybrid,23948
Audi,Q7,2020,196142,3.3,Electric,25019
BMW,5 Series,2010,75492,1.7,Diesel,23622
Ford,Escape,2013,135244,4.2,Electric,13823
Ford,Fusion,2012,135357,1.9,Diesel,24323
Kia,Sportage,2022,101859,1.5,Hybrid,36490
BMW,3 Series,2012,97414,4.4,Petrol,12012
Hyundai,Tucson,2014,86032,3.4,Hybrid,19069
Ford,Focus,2017,124821,2.7,Electric,25375
Audi,Q5,2021,52176,2.0,Diesel,33239
Mercedes,C-Class,2010,104310,3.6,Diesel,13978
Ford,Explorer,2015,176737,2.5,Diesel,24116
Audi,A3,2018,171043,3.3,Hybrid,23144
Honda,Pilot,2013,145520,2.5,Electric,22272
Ford,Fusion,2012,17385,2.7,Electric,20913
Toyota,Highlander,2015,94267,3.6,Diesel,19028
Kia,Sorento,2014,165247,3.5,Hybrid,18173
Toyota,Highlander,2018,126513,4.4,Diesel,17867
Chevrolet,Tahoe,2022,197897,2.6,Hybrid,30510
Audi,A3,2010,15582,1.2,Petrol,26422
Mercedes,GLE,2017,38068,2.4,Petrol,27309
BMW,X5,2017,18932,1.1,Electric,33905
Toyota,Highlander,2019,76214,1.7,Hybrid,32618
Hyundai,Santa Fe,2014,51621,2.0,Diesel,26241
Audi,Q7,2012,86922,3.2,Diesel,18065
Mercedes,E-Class,2022,113995,3.7,Electric,25430
Hyundai,Sonata,2017,8060,1.7,Hybrid,30959
Chevrolet,Equinox,2024,79377,1.0,Diesel,41103
BMW,X3,2012,197691,1.1,Electric,28011
Honda,Accord,2015,199834,3.0,Hybrid,21500
Ford,Focus,2024,75248,1.4,Hybrid,39123
Chevrolet,Equinox,2016,24817,3.2,Hybrid,22375
Mercedes,E-Class,2017,38642,2.5,Electric,26806
Kia,Optima,2019,161341,1.4,Petrol,33693
Ford,Focus,2024,28737,2.4,Diesel,34356
Audi,Q5,2013,27955,1.4,Petrol,28360
Honda,CR-V,2015,27300,2.9,Electric,22863
BMW,X3,2015,145342,1.7,Electric,28273
Nissan,Murano,2011,117986,4.4,Petrol,10910
Toyota,Corolla,2018,121652,4.1,Petrol,19391
Ford,Fusion,2014,136810,1.9,Petrol,26315
Ford,Explorer,2016,167284,3.7,Petrol,19163
Kia,Forte,2013,102425,2.7,Hybrid,21487
Honda,Pilot,2022,41179,3.5,Diesel,26794
Audi,A3,2018,191016,4.2,Electric,18544
Chevrolet,Tahoe,2021,115103,3.3,Petrol,26424
Honda,Pilot,2020,62165,3.8,Diesel,23189
Toyota,Rav4,2013,131335,3.6,Electric,16843
BMW,3 Series,2018,6060,1.3,Hybrid,33969
Honda,Accord,2023,49157,3.2,Diesel,29254
Chevrolet,Malibu,2023,87421,3.8,Hybrid,26062
Mercedes,GLC,2012,173182,2.1,Electric,23134
Kia,Sorento,2015,106869,2.9,Electric,22465
BMW,X3,2014,157851,2.8,Electric,21710
Honda,CR-V,2018,19714,2.3,Diesel,28901
BMW,3 Series,2016,105795,1.8,Hybrid,28971
Toyota,Rav4,2012,192802,1.7,Electric,25035
Ford,Explorer,2022,113706,2.0,Petrol,33931
Chevrolet,Impala,2020,76318,4.3,Petrol,20618
Hyundai,Tucson,2021,122366,3.2,Electric,26888
Audi,Q5,2011,151383,1.5,Hybrid,25243
Toyota,Corolla,2016,33710,3.7,Electric,19831
Nissan,Rogue,2018,76281,3.7,Diesel,21618
BMW,X5,2015,24793,1.0,Electric,32376
Ford,Focus,2013,139330,2.9,Electric,20303
Toyota,Camry,2010,45344,3.4,Electric,15273
Toyota,Corolla,2014,110708,1.2,Petrol,29946
Kia,Forte,2013,22541,2.4,Electric,23387
Kia,Sportage,2018,17120,1.9,Hybrid,30914
Ford,Explorer,2013,154762,3.3,Diesel,18226
Kia,Sorento,2013,176415,3.5,Diesel,17117
Kia,Sportage,2015,181854,1.8,Hybrid,27590
Toyota,Camry,2010,14446,1.7,Diesel,23927
Nissan,Murano,2024,170611,1.9,Diesel,36146
Ford,Escape,2018,153168,4.0,Electric,19734
Toyota,Rav4,2012,199453,4.1,Electric,13002
Mercedes,C-Class,2016,99882,3.3,Hybrid,21500
Honda,Pilot,2023,58980,3.4,Electric,28205
Honda,CR-V,2024,84296,3.5,Hybrid,28578
Mercedes,GLE,2019,163657,2.5,Hybrid,28181
Chevrolet,Malibu,2023,167108,3.4,Petrol,27664
Hyundai,Tucson,2021,148022,1.5,Diesel,35259
Mercedes,GLE,2023,115216,4.2,Electric,23923
Honda,Civic,2023,34813,3.2,Electric,29325
Chevrolet,Equinox,2017,151964,2.2,Electric,27740
BMW,X3,2018,76468,2.3,Hybrid,28617
Kia,Forte,2017,20427,2.7,Hybrid,25897
Hyundai,Santa Fe,2012,34336,1.6,Hybrid,26328
Nissan,Rogue,2017,61519,1.8,Petrol,30192
Audi,Q5,2021,186695,4.5,Hybrid,20066
Mercedes,E-Class,2022,185474,4.3,Diesel,22072
Nissan,Altima,2021,7280,3.4,Diesel,26463
Mercedes,C-Class,2019,128010,4.1,Electric,20359
BMW,5 Series,2023,133101,3.8,Petrol,25834
Kia,Forte,2018,99652,3.7,Hybrid,21501
Toyota,Corolla,2010,78826,3.8,Diesel,13105
Audi,A3,2022,127751,3.6,Petrol,25861
Chevrolet,Tahoe,2023,197696,3.0,Electric,29511
Nissan,Altima,2022,79315,3.4,Petrol,27103
Honda,Accord,2014,170024,2.8,Electric,21649
BMW,X3,2010,120068,1.9,Hybrid,22399
Mercedes,C-Class,2014,159109,4.0,Diesel,15704
Chevrolet,Malibu,2017,13332,1.8,Petrol,30433
Kia,Sorento,2016,89780,3.6,Diesel,20051
BMW,3 Series,2019,104148,1.3,Petrol,34479
Mercedes,GLE,2022,27616,2.1,Electric,33861
Hyundai,Tucson,2024,81020,4.5,Diesel,23594
Ford,Explorer,2011,131828,1.4,Hybrid,25840
Hyundai,Elantra,2017,181657,3.6,Hybrid,20591
Toyota,Corolla,2016,179080,3.3,Hybrid,21104
Kia,Optima,2010,17713,3.4,Petrol,15411
Nissan,Murano,2016,190036,3.7,Electric,19049
Honda,Accord,2017,199135,1.2,Petrol,32504
Kia,Sportage,2016,126660,1.4,Diesel,30866
Mercedes,C-Class,2014,157523,4.2,Electric,14712
Chevrolet,Equinox,2015,146409,2.7,Diesel,23267
Chevrolet,Impala,2011,23799,1.3,Diesel,26881
BMW,X5,2020,23576,4.4,Petrol,20382
Toyota,Highlander,2024,32203,3.2,Hybrid,30338
BMW,3 Series,2018,156292,3.8,Hybrid,20718
BMW,X3,2010,153219,1.8,Diesel,22733
Ford,Explorer,2019,195041,4.5,Diesel,18024
Honda,Accord,2019,45496,3.3,Electric,24772
BMW,X5,2020,133658,2.1,Hybrid,31331
Audi,Q7,2024,37039,1.7,Petrol,37814
Toyota,Camry,2020,114509,1.3,Electric,35427
Ford,Fusion,2023,169492,1.1,Electric,39152
Kia,Sportage,2018,14299,2.5,Diesel,27928
Audi,Q7,2013,97685,1.9,Electric,25511
BMW,X5,2017,172062,1.9,Petrol,29139
Audi,Q7,2014,198353,3.2,Diesel,19508
Audi,Q5,2013,84930,1.7,Electric,26575
Audi,Q5,2013,187054,2.4,Petrol,22564
Nissan,Rogue,2022,60874,3.8,Diesel,25195
Honda,Accord,2011,86157,3.7,Hybrid,14569
Honda,CR-V,2018,160419,1.0,Petrol,34697
Ford,Explorer,2014,151876,1.5,Hybrid,28240
BMW,5 Series,2021,190023,4.0,Petrol,22549
Mercedes,C-Class,2011,70421,1.6,Petrol,25147
Kia,Sportage,2011,166966,2.0,Electric,22665
Toyota,Rav4,2016,32621,2.5,Petrol,25836
Toyota,Corolla,2022,174769,1.3,Diesel,37126
Hyundai,Sonata,2016,67290,3.7,Diesel,19663
Chevrolet,Equinox,2012,183476,2.6,Electric,20582
Ford,Escape,2022,47577,2.8,Electric,30262
Hyundai,Santa Fe,2019,176643,1.9,Hybrid,31116
Kia,Sportage,2017,164286,3.1,Electric,23178
Nissan,Murano,2023,66974,4.3,Petrol,23665
Hyundai,Elantra,2018,50980,4.4,Hybrid,18245
BMW,X5,2013,48119,1.7,Diesel,26759
BMW,3 Series,2015,112375,3.5,Hybrid,19438
Toyota,Highlander,2013,67257,2.7,Diesel,21663
Kia,Sportage,2017,143183,2.5,Petrol,26284
Chevrolet,Tahoe,2019,155069,1.8,Diesel,31724
Kia,Sorento,2015,62356,4.4,Hybrid,15188
Kia,Sportage,2016,12346,1.1,Electric,32938
Ford,Escape,2012,128724,1.9,Electric,24356
Kia,Forte,2010,149964,3.2,Electric,15750
Nissan,Sentra,2012,6541,3.4,Electric,17467
Honda,Civic,2011,185943,1.2,Diesel,26570
Audi,Q7,2023,65746,3.2,Petrol,29171
Ford,Escape,2014,21857,2.5,Hybrid,23890
Kia,Forte,2011,131466,3.6,Petrol,14842
Honda,Pilot,2010,147643,3.1,Petrol,16261
Toyota,Rav4,2018,149598,1.1,Electric,34252
Mercedes,GLC,2024,196179,3.1,Petrol,30019
Ford,Explorer,2024,136456,4.4,Electric,23817
Ford,Explorer,2024,164502,3.2,Hybrid,29677
Mercedes,GLC,2017,43003,1.4,Hybrid,32284
Mercedes,GLC,2011,6222,3.1,Diesel,17968
Ford,Explorer,2020,179080,2.4,Hybrid,29604
Chevrolet,Equinox,2013,87036,3.5,Petrol,17564
Mercedes,GLC,2022,25911,3.4,Hybrid,27370
Audi,Q7,2011,152614,3.7,Hybrid,14236
Kia,Optima,2014,81655,1.0,Electric,31091
Ford,Explorer,2013,27304,2.6,Hybrid,22363
Kia,Sportage,2022,92560,1.5,Diesel,36537
Audi,Q7,2013,101721,3.0,Electric,19991
Chevrolet,Tahoe,2014,196670,3.9,Electric,16016
Nissan,Sentra,2020,141822,4.4,Diesel,19790
Nissan,Murano,2010,164417,1.1,Petrol,26177
Audi,A4,2020,197793,3.5,Electric,24011
Honda,Pilot,2016,158329,3.3,Electric,21208
Audi,A3,2021,162341,1.6,Electric,34688
Hyundai,Santa Fe,2018,80928,3.2,Electric,24095
Honda,Accord,2023,28652,1.5,Electric,37856
Nissan,Rogue,2018,154690,3.8,Diesel,20726
Nissan,Sentra,2015,128497,1.4,Hybrid,29857
Hyundai,Elantra,2010,104614,1.4,Hybrid,24976
BMW,X5,2019,133324,4.1,Hybrid,20333
Audi,A3,2021,86358,3.8,Petrol,24068
Kia,Forte,2023,48969,2.8,Hybrid,31255
BMW,X5,2012,184838,3.4,Hybrid,16575
Audi,Q5,2015,196093,2.2,Petrol,25519
Kia,Sorento,2023,179061,2.0,Diesel,34604
Audi,A4,2012,58776,2.2,Hybrid,23206
Honda,Civic,2022,18448,3.6,Diesel,26407
Chevrolet,Equinox,2024,147542,4.1,Electric,25262
Toyota,Highlander,2014,90586,1.1,Hybrid,30547
Toyota,Highlander,2012,43394,4.3,Petrol,12783
Hyundai,Elantra,2010,74255,2.8,Hybrid,18128
Chevrolet,Tahoe,2012,72347,1.5,Hybrid,26638
Ford,Escape,2014,17657,2.0,Petrol,26411
Mercedes,GLE,2019,194918,1.4,Petrol,33525
Honda,CR-V,2011,89706,2.6,Electric,20051
Hyundai,Tucson,2017,38497,1.2,Electric,33307
BMW,5 Series,2023,64024,1.5,Electric,37679
Kia,Optima,2024,48352,1.9,Hybrid,36758
Nissan,Rogue,2011,118029,3.6,Petrol,14909
Honda,Accord,2018,24723,1.6,Electric,32376
Kia,Sportage,2016,57670,3.5,Diesel,20711
Nissan,Sentra,2014,126210,1.9,Electric,26368
Kia,Forte,2024,103830,1.0,Hybrid,40980
Hyundai,Elantra,2017,131900,2.3,Petrol,27340
Chevrolet,Equinox,2017,193535,1.0,Electric,33532
Audi,A4,2024,151632,1.5,Diesel,38241
Hyundai,Santa Fe,2014,185295,2.2,Electric,24573
Audi,Q5,2024,160511,4.1,Electric,25197
Toyota,Rav4,2021,189650,1.4,Electric,35551
Audi,A3,2019,80893,1.5,Diesel,33595
Ford,Escape,2014,70363,2.9,Diesel,21648
Honda,CR-V,2023,106401,2.9,Petrol,30467
Ford,Explorer,2010,7677,1.9,Diesel,22961
BMW,3 Series,2024,102053,1.1,Diesel,40489
Hyundai,Santa Fe,2023,36248,1.9,Petrol,35818
Audi,A4,2023,110156,1.0,Electric,39949
Hyundai,Elantra,2014,151169,2.7,Hybrid,22244
Chevrolet,Tahoe,2011,60359,3.7,Electric,14698
BMW,X3,2011,128637,2.7,Hybrid,19356
Kia,Sorento,2014,44601,2.2,Diesel,25276
BMW,X3,2010,117555,2.2,Petrol,20912
BMW,X5,2015,70978,3.8,Petrol,18145
Honda,Pilot,2011,14262,2.2,Hybrid,22428
Chevrolet,Equinox,2010,56831,1.8,Hybrid,23215
Nissan,Sentra,2011,177465,4.1,Petrol,12112
Toyota,Corolla,2011,104249,1.9,Diesel,23478
Toyota,Camry,2013,44629,3.1,Diesel,19776
Ford,Explorer,2021,161435,1.4,Petrol,35692
BMW,5 Series,2014,19228,1.6,Petrol,28403
BMW,3 Series,2015,120258,2.6,Electric,23898
Mercedes,E-Class,2012,41215,4.4,Petrol,12293
Audi,A3,2011,159664,3.4,Diesel,15701
Kia,Sportage,2024,145115,2.3,Electric,34274
Honda,Pilot,2014,103889,1.9,Diesel,26480
Honda,Civic,2019,125185,3.2,Electric,24874
Hyundai,Tucson,2023,190494,3.9,Petrol,25047
Nissan,Sentra,2017,197292,4.2,Petrol,17513
Toyota,Rav4,2014,8492,3.9,Hybrid,16957
Honda,Civic,2015,57410,2.4,Hybrid,25212
Kia,Forte,2016,19993,3.4,Electric,21400
Nissan,Rogue,2019,179528,3.5,Diesel,23102
Hyundai,Sonata,2015,83733,3.3,Diesel,20581
Toyota,Corolla,2017,91970,3.8,Hybrid,20040
Honda,Civic,2014,117129,1.5,Hybrid,28414
Kia,Sportage,2018,112879,4.1,Hybrid,19435
Audi,Q5,2013,115522,3.0,Hybrid,19922
Kia,Optima,2024,98899,3.6,Electric,28005
Honda,CR-V,2021,122274,2.3,Hybrid,31388
Nissan,Altima,2013,120018,1.1,Petrol,29399
Hyundai,Tucson,2024,125750,3.7,Hybrid,27371
Honda,Accord,2024,73278,3.0,Petrol,31133
Toyota,Camry,2019,74611,2.6,Diesel,28126
Chevrolet,Tahoe,2017,192555,3.0,Electric,23537
Audi,A3,2012,132245,1.2,Petrol,27838
Mercedes,GLC,2020,73086,2.2,Electric,31134
Hyundai,Sonata,2016,131692,2.4,Petrol,25841
BMW,X5,2013,137712,3.8,Petrol,15811
Audi,Q5,2018,92723,1.3,Diesel,33536
Honda,Accord,2016,173350,3.2,Petrol,21633
Toyota,Rav4,2012,173793,3.2,Diesel,17631
Mercedes,GLC,2021,94285,1.2,Diesel,37028
BMW,5 Series,2017,177854,3.3,Electric,22110
Audi,A4,2019,123858,2.1,Hybrid,30380
Hyundai,Sonata,2022,6793,1.2,Petrol,38466
Nissan,Rogue,2024,31721,4.5,Electric,23841
Nissan,Murano,2010,130116,1.4,Electric,24849
Toyota,Rav4,2019,186452,4.4,Diesel,18567
Kia,Optima,2019,138524,2.7,Hybrid,27307
Audi,A3,2018,99683,1.8,Petrol,31001
Ford,Escape,2016,31074,2.3,Electric,26844
Toyota,Rav4,2020,197682,4.4,Diesel,19511
Ford,Explorer,2015,106611,1.7,Electric,28466
BMW,5 Series,2022,81097,3.0,Petrol,29094
Hyundai,Santa Fe,2015,64282,3.2,Petrol,21178
Toyota,Corolla,2012,18692,1.3,Hybrid,27906
Toyota,Rav4,2011,171604,4.3,Electric,11141
Kia,Sportage,2020,159403,1.6,Hybrid,33702
Chevrolet,Tahoe,2017,79113,3.6,Petrol,21104
Nissan,Rogue,2015,144002,4.3,Diesel,15279
Toyota,Rav4,2019,199005,4.0,Hybrid,20504
Chevrolet,Tahoe,2013,22792,2.6,Hybrid,22386
Hyundai,Sonata,2017,193134,2.6,Electric,25534
Kia,Sorento,2021,169707,4.2,Hybrid,21651
Chevrolet,Tahoe,2015,6332,1.5,Petrol,29968
Ford,Explorer,2010,157891,1.2,Petrol,25710
Nissan,Murano,2011,60449,1.8,Petrol,24197
Honda,CR-V,2017,52793,3.4,Diesel,22236
Chevrolet,Tahoe,2020,149881,1.5,Petrol,34250
BMW,3 Series,2023,127107,4.3,Diesel,23364
Mercedes,GLC,2013,151873,3.7,Hybrid,16240
Kia,Sportage,2018,59292,1.4,Electric,33203
Honda,Pilot,2016,127276,3.9,Electric,18363
Honda,Accord,2012,56686,3.1,Petrol,18716
BMW,5 Series,2013,19658,1.5,Diesel,27901
BMW,X5,2022,81787,3.6,Hybrid,26091
Toyota,Corolla,2016,67650,3.6,Hybrid,20161
Mercedes,GLC,2022,47632,4.1,Diesel,23761
Kia,Forte,2016,171585,3.9,Hybrid,18142
Honda,Pilot,2020,199465,3.8,Petrol,22502
Toyota,Corolla,2014,6277,2.1,Petrol,25968
Kia,Forte,2010,90808,3.3,Diesel,15545
Honda,Civic,2020,195261,3.0,Hybrid,26523
Ford,Focus,2022,30839,1.5,Electric,36845
Chevrolet,Tahoe,2011,63126,3.1,Petrol,17684
Nissan,Rogue,2012,191401,2.9,Electric,19042
Hyundai,Santa Fe,2018,136333,2.7,Petrol,26318
Chevrolet,Malibu,2019,60446,2.5,Petrol,28697
Chevrolet,Impala,2020,113835,1.8,Diesel,32930
Kia,Sorento,2020,27789,2.8,Diesel,28361
Chevrolet,Malibu,2022,119769,4.4,Electric,21901
Chevrolet,Tahoe,2023,111751,1.8,Hybrid,35941
Hyundai,Tucson,2010,145406,4.4,Petrol,9772
Ford,Escape,2018,136416,3.0,Diesel,24817
Toyota,Highlander,2012,193718,3.8,Diesel,14531
Audi,Q5,2024,122376,2.7,Electric,32388
BMW,5 Series,2021,149465,4.1,Hybrid,22252
Honda,Accord,2014,178708,2.7,Diesel,22106
Audi,A3,2018,157165,2.7,Petrol,26214
Nissan,Sentra,2021,169681,1.4,Hybrid,35651
Kia,Sportage,2014,39955,2.8,Hybrid,22300
Nissan,Altima,2020,38262,1.2,Hybrid,36308
Honda,Accord,2015,90765,3.1,Electric,21546
Hyundai,Sonata,2018,163878,2.5,Electric,27180
Chevrolet,Tahoe,2018,145778,3.8,Electric,20771
BMW,X3,2021,122760,3.0,Petrol,27886
BMW,X3,2021,97930,2.2,Electric,32010
Hyundai,Sonata,2024,133445,2.0,Electric,35832
Ford,Fusion,2022,175837,1.3,Diesel,37120
Toyota,Camry,2018,94031,3.7,Hybrid,21529
Toyota,Rav4,2023,163153,3.8,Electric,25684
Ford,Escape,2011,60318,2.0,Diesel,23198
Honda,Civic,2012,133469,3.9,Petrol,14332
Ford,Fusion,2012,148509,3.7,Petrol,15257
Hyundai,Santa Fe,2012,199617,1.6,Petrol,25501
Toyota,Highlander,2021,58116,3.3,Electric,26709
BMW,X5,2024,197637,2.1,Diesel,35011
Hyundai,Tucson,2017,77745,3.6,Petrol,21111
BMW,3 Series,2019,48444,3.8,Diesel,22257
Nissan,Sentra,2024,85979,1.3,Diesel,39570
Audi,A4,2017,129778,3.7,Hybrid,20351
Mercedes,GLE,2019,143601,1.2,Petrol,34781
Mercedes,E-Class,2017,112568,4.2,Petrol,17937
Kia,Sorento,2015,107947,2.4,Petrol,24960
Honda,Accord,2011,157315,1.8,Diesel,23713
Ford,Escape,2024,24566,3.0,Diesel,31377
Chevrolet,Tahoe,2021,101950,1.2,Diesel,36990
Audi,A3,2017,137069,1.0,Petrol,33814
Nissan,Murano,2013,184770,2.5,Diesel,22076
Ford,Explorer,2011,55030,4.4,Petrol,11224
Chevrolet,Impala,2021,157116,2.0,Petrol,32714
Toyota,Highlander,2013,83445,1.9,Petrol,25582
Honda,Civic,2017,100396,2.9,Petrol,24498
BMW,3 Series,2011,59358,2.7,Petrol,19703
Nissan,Sentra,2011,17959,3.0,Diesel,18410
Hyundai,Tucson,2013,56480,3.7,Electric,16717
Toyota,Rav4,2012,130976,1.6,Petrol,25845
Audi,Q5,2022,136982,4.5,Diesel,21315
Audi,Q5,2014,161376,3.9,Petrol,16193
Chevrolet,Malibu,2019,128413,2.4,Electric,28857
BMW,X3,2020,108581,3.5,Petrol,24457
Audi,A4,2020,31574,1.5,Electric,34842
Mercedes,GLC,2018,90938,3.7,Electric,21545
Nissan,Rogue,2021,51765,1.8,Hybrid,34241
Honda,Pilot,2016,138162,3.8,Electric,18809
Nissan,Murano,2019,46773,3.8,Diesel,22266
BMW,X3,2011,78706,3.1,Electric,17606
Nissan,Murano,2011,27775,3.3,Hybrid,16861
Honda,Pilot,2015,30562,2.9,Electric,22847
Hyundai,Elantra,2012,84341,2.5,Diesel,21578
Chevrolet,Impala,2019,76137,3.7,Diesel,22619
Nissan,Rogue,2018,193753,3.2,Diesel,23531
Nissan,Altima,2012,98473,1.6,Petrol,26007
Honda,Accord,2011,168912,2.3,Petrol,21155
Toyota,Corolla,2019,192153,2.5,Hybrid,28039
Toyota,Corolla,2021,143372,1.5,Petrol,35283
Audi,A4,2019,76810,2.9,Electric,26615
BMW,X3,2021,172298,2.1,Diesel,32138
Ford,Fusion,2012,195605,1.2,Electric,27521
Nissan,Sentra,2015,66421,1.5,Electric,29667
Toyota,Highlander,2021,155200,3.7,Petrol,24224
Kia,Optima,2018,35585,1.8,Hybrid,31322
Honda,Accord,2020,67740,4.0,Diesel,22161
Chevrolet,Equinox,2017,158505,3.4,Hybrid,21707
Chevrolet,Equinox,2016,198741,3.1,Electric,22006
Nissan,Rogue,2011,123453,3.1,Petrol,17382
Nissan,Murano,2015,92018,1.3,Electric,30539
Honda,Civic,2013,166199,1.9,Petrol,25169
Ford,Focus,2015,80125,2.4,Diesel,25099
Chevrolet,Tahoe,2023,134270,3.6,Electric,26828
Chevrolet,Tahoe,2013,88123,2.6,Petrol,22059
Honda,Pilot,2020,49316,1.2,Electric,36253
Chevrolet,Impala,2020,111316,3.9,Petrol,22443
Toyota,Camry,2024,113181,2.2,Hybrid,34934
Toyota,Rav4,2017,54932,2.1,Electric,28725
Honda,CR-V,2017,66766,2.8,Diesel,25166
Audi,Q5,2019,57754,3.0,Hybrid,26211
Toyota,Camry,2018,77751,3.5,Electric,22611
Audi,A3,2018,122457,3.4,Hybrid,22887
Chevrolet,Malibu,2021,193098,1.5,Hybrid,35034
Honda,CR-V,2017,176749,1.0,Hybrid,33616
Ford,Focus,2010,107114,2.8,Diesel,17964
Ford,Fusion,2017,192580,3.0,Hybrid,23537
Audi,Q7,2024,157032,2.9,Petrol,31214
Hyundai,Tucson,2013,38386,2.6,Hybrid,22308
Chevrolet,Tahoe,2021,78835,4.1,Petrol,22605
Mercedes,C-Class,2024,36157,3.1,Hybrid,30819
Audi,Q7,2019,35459,3.3,Electric,24822
Nissan,Rogue,2018,192153,1.9,Petrol,30039
Honda,Civic,2016,77873,1.5,Diesel,30610
Ford,Focus,2017,165113,4.0,Hybrid,18674
Audi,A4,2014,80014,1.2,Petrol,30099
Kia,Forte,2023,163054,4.1,Petrol,24184
Chevrolet,Equinox,2020,29421,4.5,Diesel,19852
Kia,Sportage,2016,101043,4.3,Petrol,16494
Honda,Pilot,2021,96764,2.7,Petrol,29516
Toyota,Camry,2013,163892,2.7,Electric,21180
Hyundai,Sonata,2010,95024,3.0,Hybrid,17024
Audi,A3,2019,107320,1.9,Electric,31463
Audi,Q5,2021,188169,3.1,Hybrid,27059
Chevrolet,Tahoe,2010,68989,1.8,Petrol,23155
Kia,Optima,2023,120855,1.6,Hybrid,36895
Honda,Civic,2019,105393,3.1,Hybrid,25473
Kia,Sorento,2012,157260,1.8,Diesel,24713
Ford,Fusion,2021,168218,2.3,Diesel,31158
Kia,Sportage,2016,68849,4.4,Petrol,16155
Chevrolet,Equinox,2021,28885,1.6,Diesel,35355
Chevrolet,Equinox,2013,34266,1.6,Electric,27328
Nissan,Altima,2024,173259,1.4,Diesel,38633
Honda,Civic,2018,182133,4.2,Electric,18589
BMW,3 Series,2010,151763,2.9,Hybrid,17241
Audi,A4,2014,189257,1.7,Electric,27053
Hyundai,Tucson,2017,65872,4.2,Hybrid,18170
Chevrolet,Impala,2016,55463,4.2,Diesel,17222
Mercedes,GLC,2017,10892,4.3,Electric,17945
Honda,Civic,2024,190681,2.8,Electric,31546
BMW,X3,2017,134206,1.1,Hybrid,33328
BMW,X3,2021,63970,4.4,Petrol,21180
Nissan,Altima,2018,121057,2.7,Hybrid,26394
Toyota,Rav4,2015,179166,2.7,Hybrid,23104
Hyundai,Tucson,2015,165964,2.8,Petrol,22670
Mercedes,GLE,2010,135256,3.8,Petrol,12823
BMW,3 Series,2010,169626,3.0,Electric,16651
Audi,Q7,2015,182332,2.5,Hybrid,24088
Kia,Sorento,2021,119868,4.1,Petrol,22400
Hyundai,Elantra,2017,114943,3.6,Petrol,20925
Mercedes,GLE,2014,93101,1.9,Hybrid,26534
Hyundai,Elantra,2013,110692,1.7,Diesel,26446
Nissan,Sentra,2022,180810,3.4,Petrol,26595
Hyundai,Elantra,2021,34608,2.2,Diesel,32326
Nissan,Altima,2020,147359,4.3,Diesel,20263
Honda,Pilot,2021,52230,3.6,Electric,25238
Kia,Sportage,2017,153120,1.8,Petrol,29734
Ford,Focus,2011,34838,1.1,Electric,27825
BMW,X5,2017,56320,3.9,Diesel,19718
Kia,Optima,2018,155983,1.9,Petrol,30220
Nissan,Altima,2015,61439,2.9,Electric,22692
Mercedes,GLC,2022,16920,3.8,Electric,25415
Honda,CR-V,2022,45479,1.4,Electric,37272
Mercedes,GLC,2024,20188,2.9,Petrol,31899
Audi,Q5,2014,40101,2.7,Diesel,22799
Honda,Civic,2020,80709,4.1,Diesel,21596
Toyota,Camry,2022,63213,2.1,Hybrid,33683
Audi,Q5,2021,146689,1.4,Electric,35766
Kia,Forte,2017,52335,2.6,Petrol,26238
Honda,Pilot,2010,63949,1.0,Petrol,27180
Nissan,Murano,2010,182779,2.4,Diesel,19586
Toyota,Highlander,2018,126167,2.4,Diesel,27869
BMW,5 Series,2018,67257,3.8,Hybrid,21163
Chevrolet,Equinox,2017,5828,2.0,Electric,29470
Kia,Sportage,2011,44043,2.9,Hybrid,18779
Toyota,Highlander,2010,183758,4.1,Hybrid,11081
Audi,A4,2024,130494,1.7,Petrol,37347
Kia,Optima,2013,188773,3.0,Diesel,19556
Audi,A3,2015,112677,1.6,Petrol,28936
Mercedes,GLC,2021,138075,2.1,Petrol,32309
BMW,3 Series,2014,102270,2.4,Diesel,23988
Audi,A4,2016,109969,2.8,Hybrid,23950
Honda,Accord,2016,163699,3.1,Hybrid,22181
Nissan,Altima,2013,157127,1.4,Petrol,27714
Hyundai,Tucson,2023,56403,3.1,Petrol,29717
Kia,Sportage,2014,119327,2.4,Petrol,23903
Kia,Forte,2024,66444,3.1,Electric,30667
Toyota,Corolla,2017,176053,4.2,Diesel,17619
Kia,Sorento,2021,135458,1.9,Electric,33322
Hyundai,Elantra,2021,10835,1.4,Electric,36445
Nissan,Altima,2016,110885,2.0,Electric,27945
Hyundai,Elantra,2018,21431,3.5,Electric,22892
Hyundai,Sonata,2019,68781,2.3,Petrol,29656
Nissan,Murano,2010,159453,1.6,Hybrid,23702
Nissan,Sentra,2012,133834,2.2,Diesel,22830
Mercedes,E-Class,2010,73556,3.3,Hybrid,15632
Nissan,Rogue,2022,8538,2.6,Electric,31457
Honda,Pilot,2010,34143,3.4,Hybrid,15329
BMW,X5,2023,109408,2.6,Petrol,31952
Chevrolet,Equinox,2017,20322,1.4,Electric,32398
Ford,Escape,2011,34310,3.0,Petrol,18328
BMW,3 Series,2012,189007,1.4,Petrol,26554
Chevrolet,Impala,2011,38771,2.9,Petrol,18806
Kia,Sorento,2010,103866,2.3,Hybrid,20480
Nissan,Murano,2015,199857,2.7,Electric,23000
Mercedes,C-Class,2013,124939,4.3,Hybrid,13375
Ford,Explorer,2014,190814,1.2,Petrol,29545
Ford,Fusion,2013,44565,1.4,Petrol,28277
Ford,Fusion,2010,123461,3.3,Hybrid,15382
Toyota,Highlander,2012,179319,3.8,Diesel,14603
BMW,3 Series,2010,174040,2.3,Electric,20129
BMW,X5,2024,143634,1.0,Diesel,40781
Hyundai,Sonata,2011,135049,4.0,Hybrid,12824
Nissan,Sentra,2015,125298,3.5,Diesel,19373
Toyota,Corolla,2015,188857,1.5,Hybrid,29055
Hyundai,Sonata,2017,164114,3.4,Electric,21679
Nissan,Sentra,2021,137924,1.7,Petrol,34310
Hyundai,Tucson,2018,22611,1.2,Electric,34386
Ford,Escape,2018,6908,2.3,Electric,28965
Mercedes,GLE,2018,6560,1.3,Hybrid,33967
Kia,Forte,2019,144591,3.2,Hybrid,24777
Nissan,Altima,2024,86216,1.8,Diesel,37068
Honda,Pilot,2012,111017,4.2,Petrol,12944
Toyota,Highlander,2018,27943,4.4,Diesel,18360
Honda,CR-V,2021,153232,4.2,Hybrid,21733
Toyota,Camry,2014,57290,3.9,Hybrid,16713
Nissan,Rogue,2020,131211,4.5,Diesel,19343
Hyundai,Santa Fe,2017,182570,3.0,Electric,23587
Nissan,Sentra,2020,21530,3.2,Petrol,26392
Hyundai,Tucson,2022,169903,4.3,Petrol,22150
Audi,Q5,2019,129656,1.5,Hybrid,33351
Kia,Sportage,2014,5268,1.2,Petrol,30473
Toyota,Camry,2020,116969,2.2,Diesel,30915
Honda,Accord,2011,16176,4.3,Diesel,11919
Toyota,Corolla,2019,145244,4.0,Electric,20773
Nissan,Murano,2021,151086,2.1,Petrol,32244
Mercedes,E-Class,2020,63097,1.3,Hybrid,35684
Toyota,Rav4,2015,105653,3.0,Electric,21971
Toyota,Corolla,2015,15425,4.4,Hybrid,15422
Chevrolet,Equinox,2021,34743,4.4,Diesel,21326
Kia,Sorento,2017,23964,2.1,Hybrid,28880
Chevrolet,Malibu,2019,82380,2.1,Hybrid,30588
Ford,Explorer,2018,173892,2.3,Petrol,28130
Chevrolet,Impala,2016,74411,2.1,Diesel,27627
Toyota,Highlander,2020,183742,2.0,Diesel,31581
Mercedes,GLC,2021,114338,3.3,Petrol,26428
Ford,Focus,2019,115606,2.8,Petrol,26921
Audi,Q7,2013,104143,3.9,Diesel,15479
Mercedes,C-Class,2022,101191,3.0,Hybrid,28994
Nissan,Altima,2016,178630,2.9,Hybrid,23106
BMW,5 Series,2023,192398,3.5,Diesel,27038
Hyundai,Santa Fe,2014,70673,3.9,Petrol,16646
Hyundai,Tucson,2010,96799,4.0,Electric,12016
Mercedes,GLC,2011,89797,1.7,Hybrid,24551
Chevrolet,Impala,2010,44930,2.9,Petrol,17775
Ford,Fusion,2016,193198,3.3,Diesel,21034
Honda,Civic,2022,59974,3.5,Petrol,26700
Honda,CR-V,2012,183047,1.2,Petrol,27584
Ford,Fusion,2023,94600,3.8,Hybrid,26027
Toyota,Camry,2021,184612,2.3,Petrol,31076
Chevrolet,Equinox,2024,106904,2.2,Diesel,34965
Chevrolet,Tahoe,2022,111910,3.3,Diesel,27440
BMW,3 Series,2017,108223,3.7,Hybrid,20458
Toyota,Rav4,2019,172040,3.9,Hybrid,21139
Toyota,Highlander,2020,29218,2.9,Diesel,27853
Audi,Q7,2015,140220,1.3,Electric,30298
Honda,Pilot,2011,55596,1.3,Electric,26722
Kia,Sorento,2016,173377,4.0,Electric,17633
Chevrolet,Tahoe,2017,13720,1.1,Electric,33931
Chevrolet,Tahoe,2013,105805,4.1,Diesel,14470
Honda,Civic,2022,113108,4.0,Electric,23934
Toyota,Rav4,2016,185443,4.3,Petrol,16072
Hyundai,Santa Fe,2021,31407,3.2,Petrol,27342
Kia,Optima,2017,188224,2.6,Diesel,25558
Mercedes,GLC,2010,86247,1.1,Diesel,26568
Kia,Forte,2023,62702,1.7,Diesel,36686
Toyota,Highlander,2016,80000,2.4,Petrol,26100
Toyota,Corolla,2014,126556,2.9,Electric,21367
BMW,3 Series,2014,124187,1.2,Diesel,29879
Nissan,Altima,2013,111078,2.9,Electric,20444
Ford,Fusion,2019,61175,3.3,Electric,24694
Mercedes,C-Class,2022,30868,1.5,Hybrid,36845
Toyota,Camry,2013,102025,1.5,Hybrid,27489
Chevrolet,Malibu,2019,43818,3.6,Diesel,23280
Kia,Sportage,2012,39626,3.6,Diesel,16301
Nissan,Altima,2017,99140,3.5,Hybrid,21504
Audi,A3,2014,185279,3.0,Petrol,20573
Hyundai,Santa Fe,2012,134203,1.9,Diesel,24328
Mercedes,E-Class,2022,55427,2.2,Petrol,33222
Ford,Focus,2020,103478,1.7,Diesel,33482
Kia,Forte,2015,72380,2.4,Petrol,25138
Honda,Civic,2021,152979,2.2,Electric,31735
Kia,Optima,2016,33225,3.7,Electric,19833
Honda,CR-V,2012,50699,4.2,Petrol,13246
Audi,Q7,2011,36531,3.6,Diesel,15317
Chevrolet,Equinox,2018,166413,3.1,Electric,24167
Kia,Optima,2010,193667,4.4,Electric,9531
Ford,Focus,2022,91814,1.1,Hybrid,38540
Toyota,Highlander,2023,27484,3.8,Electric,26362
Kia,Optima,2013,105790,4.3,Diesel,13471
Ford,Focus,2020,196229,3.4,Petrol,24518
Kia,Sportage,2020,9285,3.6,Petrol,24453
Hyundai,Elantra,2018,181926,1.2,Electric,33590
Mercedes,C-Class,2011,180229,3.9,Hybrid,13098
Audi,Q7,2022,14181,1.2,Hybrid,38429
Toyota,Camry,2015,52452,2.0,Hybrid,27237
Kia,Optima,2010,52678,1.2,Electric,26236
Ford,Explorer,2013,127936,4.2,Petrol,13860
Chevrolet,Equinox,2024,179284,4.1,Diesel,25103
Mercedes,GLE,2021,99199,1.7,Electric,34504
Honda,CR-V,2018,161867,3.1,Diesel,24190
Toyota,Camry,2010,86224,1.7,Electric,23568
Toyota,Rav4,2023,90334,2.8,Hybrid,31048
Audi,Q7,2017,174784,3.5,Electric,21126
Toyota,Corolla,2022,87542,1.6,Electric,36062
Ford,Focus,2022,165206,3.7,Petrol,25173
Honda,CR-V,2020,17558,3.6,Hybrid,24412
Kia,Sportage,2019,156121,2.7,Hybrid,27219
Toyota,Corolla,2010,58325,3.3,Hybrid,15708
Hyundai,Santa Fe,2020,35824,3.1,Hybrid,26820
Kia,Forte,2014,43999,3.3,Electric,19780
Kia,Optima,2022,79708,2.6,Electric,31101
Nissan,Sentra,2015,131857,3.7,Petrol,18340
Kia,Sorento,2018,6053,3.9,Electric,20969
Toyota,Rav4,2023,60198,3.2,Electric,29199
Toyota,Camry,2014,199046,2.7,Hybrid,22004
BMW,X5,2016,190852,3.9,Hybrid,18045
Honda,CR-V,2019,32419,3.0,Petrol,26337
BMW,5 Series,2017,30877,1.6,Diesel,31345
Ford,Focus,2022,186083,2.3,Petrol,32069
Nissan,Murano,2023,75185,2.3,Hybrid,33624
Honda,Pilot,2012,173404,4.4,Electric,11632
Honda,Accord,2024,191837,4.2,Hybrid,24540
Audi,A4,2020,73905,2.7,Petrol,28630
Mercedes,GLC,2014,169041,3.1,Diesel,20154
Hyundai,Sonata,2019,163521,4.0,Diesel,20682
Mercedes,C-Class,2018,41763,1.3,Petrol,33791
Ford,Explorer,2018,175091,3.6,Electric,21624
Toyota,Camry,2016,39156,1.2,Electric,32304
Ford,Fusion,2013,14552,1.6,Hybrid,27427
Ford,Escape,2018,107058,1.5,Petrol,32464
Honda,Pilot,2014,161986,3.7,Petrol,17190
Honda,Civic,2020,38668,4.0,Hybrid,22306
Kia,Sorento,2022,85416,3.2,Electric,28072
Chevrolet,Tahoe,2017,119543,3.6,Hybrid,20902
Chevrolet,Tahoe,2010,56784,3.7,Petrol,13716
Toyota,Highlander,2023,99914,3.6,Petrol,27000
BMW,X5,2022,19277,3.5,Electric,26903
Kia,Sorento,2012,110666,3.7,Hybrid,15446
Chevrolet,Tahoe,2013,93805,2.3,Petrol,23530
Toyota,Highlander,2020,143354,3.4,Petrol,24783
Nissan,Sentra,2022,19130,2.0,Hybrid,34404
Mercedes,E-Class,2014,124366,4.3,Electric,14378
Kia,Sorento,2014,147561,3.0,Petrol,20762
Kia,Sportage,2012,123568,3.7,Petrol,15382
Honda,Civic,2020,197486,1.1,Electric,36012
Chevrolet,Malibu,2016,102592,2.8,Electric,23987
Nissan,Sentra,2024,195378,3.9,Diesel,26023
Nissan,Rogue,2018,87023,3.5,Diesel,22564
Ford,Explorer,2011,143978,4.3,Petrol,11280
Honda,Accord,2016,165872,2.9,Petrol,23170
Mercedes,GLE,2018,127428,2.8,Hybrid,25862
Ford,Explorer,2017,99681,3.2,Electric,23001
Nissan,Rogue,2010,30891,2.7,Electric,18845
Ford,Focus,2024,23480,1.7,Diesel,37882
Honda,Pilot,2017,11401,2.1,Diesel,28942
Hyundai,Elantra,2010,39649,1.4,Petrol,25301
Chevrolet,Equinox,2023,51166,2.1,Petrol,34744
Kia,Sorento,2017,101266,2.1,Hybrid,28493
Hyundai,Santa Fe,2018,10767,1.8,Diesel,31446
Chevrolet,Equinox,2018,17583,2.3,Hybrid,28912
Nissan,Sentra,2014,95815,2.9,Electric,21520
Hyundai,Santa Fe,2021,113234,2.5,Hybrid,30433
Ford,Fusion,2012,29333,2.2,Electric,23353
Mercedes,C-Class,2021,136181,1.1,Petrol,37319
Toyota,Camry,2017,97901,1.2,Petrol,33010
BMW,5 Series,2012,159838,2.1,Electric,23200
Mercedes,GLE,2012,140783,3.2,Petrol,17796
Chevrolet,Impala,2021,52259,3.6,Electric,25238
Audi,A4,2016,104433,1.5,Diesel,30477
Toyota,Corolla,2019,155471,4.3,Hybrid,19222
Kia,Sportage,2010,51207,2.8,Diesel,18243
Nissan,Altima,2023,88208,2.4,Petrol,33058
Chevrolet,Impala,2022,175768,2.6,Electric,30621
Hyundai,Elantra,2023,176192,4.1,Diesel,24119
Ford,Fusion,2018,76022,4.4,Petrol,18119
Kia,Forte,2015,181543,2.7,Hybrid,23092
Kia,Sportage,2024,80378,3.6,Electric,28098
BMW,X3,2013,189688,2.3,Hybrid,23051
Kia,Sportage,2020,123321,2.8,Petrol,27883
Honda,Civic,2021,158811,3.4,Hybrid,25705
Honda,CR-V,2020,142351,1.9,Hybrid,32288
Mercedes,GLE,2023,187662,3.1,Petrol,29061
Audi,A3,2016,46247,2.0,Electric,28268
Audi,A3,2021,87463,1.6,Hybrid,35062
Toyota,Corolla,2018,131409,3.2,Electric,23842
Ford,Explorer,2013,78209,3.9,Diesel,15608
Kia,Sorento,2022,133310,1.6,Petrol,35833
Audi,A4,2011,42086,1.7,Diesel,24789
Ford,Focus,2023,14116,3.7,Diesel,26929
Nissan,Altima,2012,44475,3.7,Electric,15777
Chevrolet,Malibu,2020,145347,1.1,Electric,36273
Ford,Escape,2019,195394,2.0,Petrol,30523
Toyota,Rav4,2022,23063,3.2,Petrol,28384
Kia,Forte,2016,81493,2.6,Hybrid,25092
Toyota,Corolla,2024,144791,3.8,Petrol,26776
Mercedes,C-Class,2023,49640,2.0,Electric,35251
Audi,A3,2013,23580,3.1,Diesel,19882
BMW,X5,2018,86128,4.4,Electric,18069
Chevrolet,Tahoe,2012,139516,4.4,Petrol,11802
Kia,Optima,2018,13557,3.4,Electric,23432
Toyota,Camry,2015,115792,3.7,Diesel,18421
Ford,Fusion,2022,185312,3.4,Diesel,26573
Honda,CR-V,2014,51893,1.2,Electric,30240
Ford,Explorer,2022,22197,2.1,Petrol,33889
Ford,Explorer,2024,49351,2.7,Petrol,32753
Nissan,Altima,2017,49334,1.4,Electric,32253
Mercedes,E-Class,2013,129559,4.3,Petrol,13352
Hyundai,Elantra,2024,64113,3.2,Hybrid,30179
Chevrolet,Malibu,2018,22358,2.6,Diesel,27388
Chevrolet,Tahoe,2018,58812,4.3,Electric,18705
BMW,5 Series,2019,160462,2.9,Electric,26197
BMW,5 Series,2022,53777,2.5,Petrol,31731
Ford,Fusion,2019,133057,1.0,Hybrid,35834
Toyota,Highlander,2022,92369,2.0,Diesel,34038
Nissan,Altima,2022,81643,2.2,Electric,33091
Mercedes,E-Class,2015,42406,3.1,Petrol,21787
Toyota,Highlander,2024,33638,1.0,Diesel,41331
BMW,5 Series,2012,112973,2.6,Hybrid,20935
Ford,Fusion,2024,178180,1.7,Diesel,37109
Chevrolet,Equinox,2019,190183,2.6,Petrol,27549
Nissan,Murano,2024,161665,2.6,Hybrid,32691
Audi,Q7,2014,8683,2.5,Diesel,23956
Chevrolet,Malibu,2014,133704,3.0,Petrol,20831
Audi,Q5,2015,151205,2.5,Diesel,24243
BMW,X3,2017,151232,3.9,Petrol,19243
Nissan,Sentra,2013,16395,3.2,Petrol,19418
Mercedes,GLE,2016,71033,3.8,Hybrid,19144
Nissan,Rogue,2018,186311,3.1,Electric,24068
Ford,Escape,2015,110716,2.0,Diesel,26946
Kia,Forte,2011,10567,2.3,Petrol,21947
Hyundai,Sonata,2014,161314,4.3,Diesel,14193
Nissan,Altima,2014,130950,4.5,Petrol,13345
Toyota,Corolla,2015,116564,3.6,Petrol,18917
BMW,X5,2019,142641,4.4,Electric,18786
Honda,CR-V,2016,199592,1.1,Electric,32002
Ford,Escape,2010,77106,4.3,Petrol,10614
Nissan,Sentra,2010,148579,1.6,Hybrid,23757
BMW,X3,2023,5062,2.4,Diesel,33474
Mercedes,GLE,2014,61621,2.7,Electric,22691
Chevrolet,Impala,2013,58225,3.9,Diesel,15708
Honda,Accord,2013,41538,1.5,Electric,27792
Hyundai,Tucson,2018,25465,2.3,Diesel,28872
Toyota,Corolla,2024,188721,3.6,Petrol,27556
Mercedes,GLC,2021,11705,4.5,Diesel,20941
BMW,X5,2019,199859,1.3,Petrol,34000
Kia,Forte,2023,62869,2.3,Electric,33685
Chevrolet,Malibu,2022,138312,4.1,Hybrid,23308
Toyota,Highlander,2022,167657,1.7,Electric,35161
Mercedes,GLE,2016,175304,2.2,Hybrid,26623
Kia,Forte,2021,20900,4.0,Electric,23395
BMW,3 Series,2023,36197,1.5,Hybrid,37819
BMW,5 Series,2015,107443,2.4,Petrol,24962
Audi,A3,2020,123884,3.8,Diesel,22880
Hyundai,Tucson,2015,48995,3.0,Electric,22255
Chevrolet,Impala,2014,150140,4.0,Hybrid,15749
Mercedes,E-Class,2010,25346,2.8,Electric,18373
Hyundai,Tucson,2013,75415,3.8,Petrol,16122
Chevrolet,Impala,2013,43329,2.4,Hybrid,23283
Nissan,Sentra,2023,37117,2.6,Hybrid,32314
Mercedes,GLC,2015,151284,2.5,Electric,24243
Audi,A4,2018,19882,3.3,Diesel,23900
BMW,X5,2015,46943,3.4,Petrol,20265
Honda,Pilot,2024,135801,2.8,Electric,31820
Nissan,Altima,2013,72276,3.8,Diesel,16138
Hyundai,Sonata,2012,193241,1.5,Petrol,26033
Kia,Forte,2011,80174,4.1,Electric,12599
BMW,X3,2018,77009,3.5,Hybrid,22614
Kia,Sorento,2021,63542,4.2,Hybrid,22182
Chevrolet,Malibu,2020,6302,1.9,Diesel,32968
Honda,Civic,2017,105167,1.8,Diesel,29974
BMW,5 Series,2016,137790,4.4,Petrol,15811
Mercedes,GLC,2011,69635,2.1,Petrol,22651
Mercedes,GLE,2021,21245,2.1,Petrol,32893
Hyundai,Sonata,2017,123098,3.4,Diesel,21884
Chevrolet,Equinox,2013,104570,2.1,Hybrid,24477
BMW,5 Series,2017,28714,1.9,Electric,29856
Kia,Optima,2021,187763,3.1,Hybrid,27061
Toyota,Corolla,2015,36583,3.5,Petrol,19817
Chevrolet,Malibu,2016,162616,2.2,Petrol,26686
Kia,Optima,2020,133964,3.5,Petrol,24330
Ford,Fusion,2011,162207,4.0,Hybrid,12688
Kia,Sorento,2022,68454,1.7,Hybrid,35657
Hyundai,Sonata,2010,190968,3.3,Diesel,15045
Kia,Optima,2010,20844,2.6,Petrol,19395
Hyundai,Elantra,2017,127105,2.5,Diesel,26364
Toyota,Corolla,2020,22811,4.0,Petrol,22385
Chevrolet,Tahoe,2015,40452,3.0,Electric,22297
Honda,Pilot,2019,90246,2.0,Electric,31048
Honda,Pilot,2020,128881,2.3,Electric,30355
Kia,Sorento,2010,142529,4.0,Petrol,11787
Ford,Escape,2013,67142,3.4,Diesel,18164
Nissan,Altima,2021,148964,1.1,Electric,37255
Hyundai,Tucson,2024,62865,1.4,Electric,39185
Honda,Pilot,2015,103002,1.8,Hybrid,27984
Hyundai,Elantra,2020,118535,2.9,Electric,27407
Nissan,Sentra,2021,99164,2.5,Petrol,30504
Kia,Optima,2017,171401,2.5,Diesel,26142
Audi,Q5,2024,131798,1.0,Diesel,40841
Mercedes,C-Class,2022,131522,4.5,Petrol,21342
Toyota,Camry,2021,175967,4.5,Diesel,20120
Hyundai,Elantra,2022,115679,1.5,Electric,36421
Honda,Pilot,2023,34224,2.8,Hybrid,31328
Toyota,Camry,2024,72831,3.1,Petrol,30635
Audi,A4,2010,120270,4.1,Electric,11398
Audi,A3,2016,102499,1.2,Diesel,31987
Toyota,Corolla,2013,153054,2.7,Diesel,21234
Nissan,Altima,2019,142121,2.4,Petrol,28789
BMW,3 Series,2019,55620,1.0,Diesel,36221
Nissan,Sentra,2019,31791,4.5,Electric,18841
Mercedes,C-Class,2016,93487,2.3,Petrol,26532
Toyota,Rav4,2020,80791,1.9,Hybrid,32596
BMW,3 Series,2014,156867,2.0,Diesel,25715
Audi,A4,2015,124425,3.5,Diesel,19377
Audi,Q5,2018,144059,1.1,Electric,34279
Honda,Civic,2015,166079,4.2,Petrol,15669
Chevrolet,Equinox,2021,136351,1.3,Electric,36318
Chevrolet,Tahoe,2016,117571,4.0,Petrol,17912
BMW,X5,2017,94905,1.3,Diesel,32525
Chevrolet,Malibu,2018,117286,2.4,Hybrid,27913
Ford,Escape,2023,28537,2.0,Diesel,35357
Mercedes,C-Class,2024,121514,1.7,Hybrid,37392
BMW,X5,2022,108798,1.6,Hybrid,35956
Hyundai,Sonata,2018,168214,2.8,Diesel,25658
Hyundai,Sonata,2023,88462,1.2,Diesel,39057
Chevrolet,Impala,2024,94369,1.7,Electric,37528
Ford,Fusion,2017,179067,1.5,Electric,31104
BMW,X3,2022,199190,3.8,Diesel,24504
Hyundai,Tucson,2013,163963,1.1,Diesel,29180
Toyota,Rav4,2013,7703,1.9,Petrol,25961
Mercedes,C-Class,2014,134914,3.1,Diesel,20325
Ford,Explorer,2021,93770,3.4,Hybrid,26031
Honda,Pilot,2021,77636,1.3,Petrol,36611
Mercedes,GLC,2011,59038,3.9,Hybrid,13704
Kia,Sorento,2017,94479,2.3,Petrol,27527
Honda,CR-V,2012,197788,2.3,Electric,22011
Audi,Q5,2011,149773,2.9,Hybrid,18251
Toyota,Corolla,2021,120712,1.6,Diesel,34896
Kia,Forte,2014,172673,3.9,Hybrid,16136
Chevrolet,Impala,2017,21120,3.6,Petrol,21394
Audi,Q5,2017,51219,4.1,Diesel,18743
Nissan,Rogue,2015,64737,1.7,Electric,28676
Chevrolet,Impala,2011,131397,1.6,Hybrid,24843
Hyundai,Elantra,2023,186284,2.9,Diesel,30068
Mercedes,E-Class,2018,179612,3.6,Hybrid,21601
Nissan,Murano,2016,157176,1.4,Petrol,30714
Ford,Escape,2012,29641,1.8,Hybrid,25351
Nissan,Altima,2018,13549,2.6,Hybrid,27432
Chevrolet,Malibu,2013,172572,1.8,Diesel,25637
Nissan,Sentra,2010,144274,2.1,Hybrid,21278
Honda,Civic,2019,89803,3.9,Electric,21550
Toyota,Corolla,2020,175226,2.0,Petrol,31623
Toyota,Corolla,2011,124120,1.1,Petrol,27379
Honda,Accord,2014,94288,1.3,Petrol,29528
Honda,CR-V,2013,171953,3.4,Electric,17640
Honda,Pilot,2017,145181,1.6,Petrol,30774
Mercedes,GLC,2010,123473,2.0,Petrol,21882
Audi,A3,2022,32345,2.9,Diesel,29838
Ford,Focus,2014,112425,1.2,Hybrid,29937
Toyota,Highlander,2010,104817,1.9,Hybrid,22475
BMW,X3,2022,113312,3.0,Petrol,28933
Mercedes,E-Class,2013,141533,1.2,Hybrid,28792
Hyundai,Sonata,2015,139953,3.0,Diesel,21800
BMW,3 Series,2018,77942,2.0,Petrol,30110
Hyundai,Tucson,2015,6105,4.0,Diesel,17469
Audi,A4,2015,131888,2.5,Electric,24340
